"FirstName","LastName","Department","JobTitle"
"Michael","Davis","Finance","Finance Specialist"
"Robert","Garcia","HR","HR Manager"
"Jane","Garcia","Marketing","Marketing Manager"
"Nicole","Lopez","Finance","Finance Analyst"
"Chris","Thomas","IT","IT Analyst"
"Daniel","Lopez","Sales","Sales Director"
"Jessica","Martin","Finance","Finance Manager"
"Emily","Lopez","IT","IT Analyst"
"Daniel","Smith","IT","IT Director"
"Ashley","Hernandez","HR","HR Director"
"Rachel","Anderson","HR","HR Director"
"Amanda","Brown","Sales","Sales Director"
"David","Jones","Finance","Finance Analyst"
"Jane","Anderson","HR","HR Specialist"
"William","Davis","HR","HR Analyst"
"Michael","Jackson","IT","IT Specialist"
"Jessica","Moore","HR","HR Specialist"
"Amanda","Hernandez","Sales","Sales Specialist"
"Robert","Thomas","HR","HR Coordinator"
"Megan","Taylor","Finance","Finance Coordinator"
"Jessica","Brown","IT","IT Specialist"
"Megan","Wilson","Marketing","Marketing Coordinator"
"Joseph","Jackson","Finance","Finance Analyst"
"Michael","Hernandez","Finance","Finance Specialist"
"Sarah","Hernandez","HR","HR Manager"
"Ashley","Martinez","Sales","Sales Director"
"Ashley","Jones","IT","IT Manager"
"Sarah","Martin","HR","HR Director"
"Nicole","Jones","Marketing","Marketing Analyst"
"Matthew","Jackson","Sales","Sales Coordinator"
"Stephanie","Hernandez","HR","HR Coordinator"
"David","Taylor","Marketing","Marketing Specialist"
"Nicole","Thomas","HR","HR Analyst"
"Rachel","Brown","HR","HR Manager"
"Rachel","Jones","Marketing","Marketing Director"
"Joseph","Martinez","Marketing","Marketing Analyst"
"Robert","Jones","HR","HR Director"
"Stephanie","Thomas","Sales","Sales Coordinator"
"William","Jackson","Sales","Sales Coordinator"
"Emily","Garcia","Marketing","Marketing Coordinator"
"Emily","Gonzalez","Sales","Sales Analyst"
"Amanda","Moore","Finance","Finance Specialist"
"Emily","Rodriguez","Marketing","Marketing Analyst"
"Stephanie","Lopez","Sales","Sales Manager"
"Stephanie","Rodriguez","IT","IT Coordinator"
"Joseph","Gonzalez","Sales","Sales Manager"
"Rachel","Hernandez","Marketing","Marketing Specialist"
"Jessica","Taylor","Finance","Finance Coordinator"
"Ashley","Williams","HR","HR Specialist"
"Stephanie","Jackson","HR","HR Manager"
"Amanda","Jackson","Sales","Sales Manager"
"Jane","Jones","HR","HR Analyst"
"Stephanie","Johnson","HR","HR Director"
"James","Davis","Sales","Sales Director"
"Ashley","Moore","Marketing","Marketing Director"
"Matthew","Moore","Sales","Sales Manager"
"William","Jones","Marketing","Marketing Analyst"
"Megan","Anderson","HR","HR Analyst"
"Daniel","Thomas","Marketing","Marketing Director"
"Robert","Gonzalez","Marketing","Marketing Analyst"
"John","Anderson","HR","HR Director"
"Emily","Johnson","Marketing","Marketing Manager"
"Matthew","Martin","Sales","Sales Analyst"
"William","Anderson","Finance","Finance Coordinator"
"Amanda","Lopez","Finance","Finance Director"
"John","Jones","HR","HR Manager"
"Chris","Brown","Finance","Finance Director"
"Ashley","Thomas","Sales","Sales Analyst"
"Amanda","Jones","Sales","Sales Specialist"
"Stephanie","Smith","Finance","Finance Manager"
"Nicole","Garcia","Marketing","Marketing Director"
"Megan","Rodriguez","Finance","Finance Coordinator"
"Amanda","Anderson","HR","HR Director"
"Chris","Gonzalez","Finance","Finance Manager"
"Michael","Williams","Finance","Finance Specialist"
"William","Gonzalez","IT","IT Coordinator"
"John","Gonzalez","IT","IT Analyst"
"Joseph","Davis","Finance","Finance Director"
"Jessica","Miller","Sales","Sales Specialist"
"Jessica","Williams","HR","HR Coordinator"
"Jessica","Lopez","Finance","Finance Specialist"
"Jane","Jackson","Marketing","Marketing Coordinator"
"Jessica","Garcia","HR","HR Coordinator"
"James","Williams","HR","HR Coordinator"
"Chris","Rodriguez","Sales","Sales Manager"
"Sarah","Smith","IT","IT Manager"
"John","Brown","HR","HR Director"
"Sarah","Williams","Sales","Sales Specialist"
"Daniel","Martinez","Finance","Finance Director"
"Matthew","Rodriguez","IT","IT Specialist"
"Robert","Davis","Finance","Finance Analyst"
"Matthew","Miller","IT","IT Director"
"Michael","Martin","Finance","Finance Coordinator"
"Emily","Wilson","Finance","Finance Coordinator"
"Ashley","Rodriguez","Sales","Sales Manager"
"Emily","Martin","HR","HR Specialist"
"Nicole","Jackson","HR","HR Coordinator"
"Chris","Wilson","Sales","Sales Manager"
"Stephanie","Taylor","Marketing","Marketing Specialist"
"Jane","Thomas","Marketing","Marketing Manager"
